SourseFrom,SenstiKind,Class,time,title,key
敏感视频,政治敏感,低级,2019-12-27 03:08,1
敏感图片,暴力敏感,高级,2019-12-27 03:08,2
敏感文字,政治敏感,低级,2019-12-27 03:08,2
敏感视频,黄色敏感,高级,2019-12-27 03:08,2
敏感图片,黄色敏感,中级,2019-12-27 03:08,2
敏感视频,政治敏感,中级,2019-12-27 03:08,2
敏感图片,黄色敏感,高级,2019-12-27 03:08,2
敏感视频,政治敏感,低级,2019-12-27 03:08,1
敏感视频,邪教信息,高级,2019-12-27 03:08,2
敏感视频,黄色敏感,中级,2019-12-27 03:08,2
敏感文字,暴力敏感,中级,2019-12-27 03:08,2
敏感视频,黄色敏感,高级,2019-12-27 03:08,2
敏感图片,政治敏感,高级,2019-12-26 03:08,2
敏感视频,黄色敏感,高级,2019-12-26 03:08,2
敏感视频,黄色敏感,高级,2019-12-26 03:08,2
敏感图片,国家领导,高级,2019-12-26 03:08,2
敏感视频,政治敏感,低级,2019-12-27 03:08,1
敏感视频,黄色敏感,中级,2019-12-26 03:08,2
敏感视频,邪教信息,中级,2019-12-26 03:08,2
敏感文字,政治敏感,低级,2019-12-26 03:08,2
敏感图片,黄色敏感,中级,2019-12-26 03:08,2
敏感视频,政治敏感,中级,2019-12-26 03:08,2
敏感图片,黄色敏感,高级,2019-12-26 03:08,2
敏感视频,邪教信息,中级,2019-12-25 03:08,2
敏感文字,暴力敏感,中级,2019-12-25 03:08,21
敏感视频,黄色敏感,高级,2019-12-25 03:08,22
敏感图片,政治敏感,高级,2019-12-25 03:08,2
敏感视频,政治敏感,低级,2019-12-25 03:08,1
敏感图片,国家领导,高级,2019-12-25 03:08,2
敏感视频,邪教信息,中级,2019-12-25 03:08,2
敏感文字,政治敏感,低级,2019-12-25 03:08,2
敏感视频,黄色敏感,中级,2019-12-25 03:08,2
敏感图片,黄色敏感,中级,2019-12-24 03:08,2
敏感视频,政治敏感,中级,2019-12-24 03:08,2
敏感视频,政治敏感,低级,2019-12-24 03:08,1
敏感图片,黄色敏感,高级,2019-12-24 03:08,2
敏感视频,邪教信息,高级,2019-12-24 03:08,2
敏感文字,暴力敏感,中级,2019-12-24 03:08,2
敏感视频,黄色敏感,高级,2019-12-24 03:08,2
敏感视频,邪教信息,中级,2019-12-24 03:08,2
敏感图片,政治敏感,高级,2019-12-24 03:08,2
敏感视频,黄色敏感,中级,2019-12-24 03:08,2
敏感视频,黄色敏感,高级,2019-12-23 03:08,2
敏感图片,暴力敏感,高级,2019-12-23 03:08,2
敏感文字,政治敏感,低级,2019-12-23 03:08,2
敏感视频,政治敏感,高级,2019-12-23 03:08,2
敏感图片,黄色敏感,中级,2019-12-23 03:08,2
敏感视频,政治敏感,中级,2019-12-23 03:08,2
敏感图片,黄色敏感,高级,2019-12-23 03:08,2
敏感文字,暴力敏感,中级,2019-12-22 03:08,2
敏感视频,黄色敏感,中级,2019-12-22 03:08,2
敏感视频,黄色敏感,高级,2019-12-22 03:08,2
敏感图片,政治敏感,高级,2019-12-22 03:08,2
敏感视频,邪教信息,高级,2019-12-22 03:08,2
敏感视频,政治敏感,低级,2019-12-22 03:08,1
敏感视频,黄色敏感,高级,2019-12-22 03:08,2
敏感视频,黄色敏感,高级,2019-12-22 03:08,2
敏感图片,国家领导,高级,2019-12-22 03:08,2
敏感文字,政治敏感,低级,2019-12-22 03:08,2
敏感视频,政治敏感,低级,2019-12-22 03:08,1
敏感视频,黄色敏感,高级,2019-12-22 03:08,2
敏感图片,黄色敏感,中级,2019-12-21 03:08,2
敏感视频,政治敏感,中级,2019-12-21 03:08,2
敏感图片,黄色敏感,高级,2019-12-21 03:08,2
敏感视频,政治敏感,高级,2019-12-21 03:08,2
敏感文字,暴力敏感,中级,2019-12-21 03:08,2
敏感视频,黄色敏感,高级,2019-12-21 03:08,2
敏感视频,邪教信息,中级,2019-12-21 03:08,2
敏感图片,政治敏感,高级,2019-12-21 03:08,2
敏感视频,邪教信息,高级,2019-12-21 03:08,2
敏感视频,政治敏感,低级,2019-12-21 03:08,1
敏感图片,国家领导,高级,2019-12-21 03:08,2
敏感文字,政治敏感,低级,2019-12-20 03:08,2
敏感视频,黄色敏感,高级,2019-12-20 03:08,2
敏感图片,黄色敏感,中级,2019-12-20 03:08,2
敏感视频,邪教信息,中级,2019-12-20 03:08,2
敏感视频,政治敏感,中级,2019-12-20 03:08,2
敏感图片,黄色敏感,高级,2019-12-20 03:08,2
敏感视频,政治敏感,低级,2019-12-20 03:08,1
敏感文字,暴力敏感,中级,2019-12-20 03:08,2
敏感视频,黄色敏感,高级,2019-12-20 03:08,2
敏感图片,政治敏感,高级,2019-12-19 03:08,2
敏感视频,黄色敏感,高级,2019-12-19 03:08,2
敏感图片,黄色敏感,中级,2019-12-19 03:08,2
敏感视频,政治敏感,中级,2019-12-19 03:08,2
敏感视频,政治敏感,中级,2019-12-19 03:08,2
敏感图片,黄色敏感,高级,2019-12-19 03:08,2
敏感视频,邪教信息,高级,2019-12-19 03:08,2
敏感文字,暴力敏感,中级,2019-12-19 03:08,2
敏感视频,黄色敏感,高级,2019-12-19 03:08,2
敏感视频,邪教信息,中级,2019-12-19 03:08,2
敏感图片,政治敏感,高级,2019-12-19 03:08,2
敏感图片,国家领导,高级,2019-12-18 03:08,2
敏感图片,黄色敏感,中级,2019-12-18 03:08,2
敏感视频,政治敏感,中级,2019-12-18 03:08,2
敏感视频,邪教信息,中级,2019-12-18 03:08,2
敏感视频,邪教信息,高级,2019-12-18 03:08,2
敏感视频,政治敏感,低级,2019-12-18 03:08,1
敏感视频,邪教信息,低级,2019-12-18 03:08,2
敏感视频,政治敏感,中级,2019-12-18 03:08,2
敏感图片,黄色敏感,高级,2019-12-18 03:08,2
敏感文字,暴力敏感,中级,2019-12-18 03:08,2
敏感视频,黄色敏感,高级,2019-12-17 03:08,2
敏感图片,政治敏感,高级,2019-12-17 03:08,2
敏感视频,黄色敏感,高级,2019-12-17 03:08,2
敏感视频,政治敏感,低级,2019-12-17 03:08,1
敏感视频,黄色敏感,中级,2019-12-17 03:08,2
敏感图片,国家领导,高级,2019-12-17 03:08,2
敏感视频,邪教信息,低级,2019-12-17 03:08,2
敏感视频,政治敏感,低级,2019-12-17 03:08,1
敏感视频,邪教信息,低级,2019-12-17 03:08,2
敏感文字,政治敏感,低级,2019-12-17 03:08,2
敏感图片,黄色敏感,中级,2019-12-16 03:08,2
敏感视频,政治敏感,中级,2019-12-16 03:08,2
敏感图片,黄色敏感,高级,2019-12-16 03:08,2
敏感视频,邪教信息,高级,2019-12-16 03:08,2
敏感文字,暴力敏感,中级,2019-12-16 03:08,2
敏感视频,黄色敏感,高级,2019-12-16 03:08,2
敏感图片,政治敏感,高级,2019-12-16 03:08,2
敏感视频,邪教信息,低级,2019-12-16 03:08,2
敏感视频,黄色敏感,高级,2019-12-16 03:08,2
敏感视频,黄色敏感,中级,2019-12-16 03:08,2
敏感视频,黄色敏感,高级,2019-12-16 03:08,2
敏感图片,国家领导,高级,2019-12-15 03:08,2
敏感文字,政治敏感,低级,2019-12-15 03:08,2
敏感视频,黄色敏感,高级,2019-12-15 03:08,2
敏感图片,黄色敏感,中级,2019-12-15 03:08,2
敏感视频,政治敏感,中级,2019-12-15 03:08,2
敏感图片,黄色敏感,高级,2019-12-15 03:08,2
敏感文字,暴力敏感,中级,2019-12-15 03:08,2
敏感视频,邪教信息,高级,2019-12-15 03:08,2
敏感视频,政治敏感,中级,2019-12-15 03:08,2
敏感视频,黄色敏感,高级,2019-12-15 03:08,2
敏感图片,政治敏感,高级,2019-12-15 03:08,2
敏感视频,邪教信息,中级,2019-12-15 03:08,2
敏感图片,国家领导,高级,2019-12-14 03:08,2
敏感文字,政治敏感,低级,2019-12-14 03:08,2
敏感视频,邪教信息,中级,2019-12-14 03:08,2
敏感视频,政治敏感,低级,2019-12-14 03:08,1
敏感视频,邪教信息,低级,2019-12-14 03:08,2
敏感视频,黄色敏感,高级,2019-12-14 03:08,2
敏感视频,邪教信息,低级,2019-12-14 03:08,2
敏感视频,邪教信息,中级,2019-12-14 03:08,2
敏感图片,黄色敏感,中级,2019-12-14 03:08,2
敏感视频,政治敏感,中级,2019-12-13 03:08,2
敏感视频,邪教信息,高级,2019-12-13 03:08,2
敏感视频,邪教信息,低级,2019-12-13 03:08,2
敏感图片,黄色敏感,高级,2019-12-13 03:08,2
敏感文字,暴力敏感,中级,2019-12-13 03:08,2
敏感视频,邪教信息,低级,2019-12-13 03:08,2
敏感视频,政治敏感,中级,2019-12-13 03:08,2
敏感视频,黄色敏感,高级,2019-12-13 03:08,2
敏感视频,邪教信息,中级,2019-12-13 03:08,2
敏感视频,政治敏感,中级,2019-12-12 03:08,2
敏感视频,邪教信息,低级,2019-12-12 03:08,2
敏感图片,黄色敏感,高级,2019-12-12 03:08,2
敏感文字,暴力敏感,中级,2019-12-12 03:08,2
敏感视频,黄色敏感,高级,2019-12-12 03:08,2
敏感图片,政治敏感,高级,2019-12-12 03:08,2
敏感视频,政治敏感,高级,2019-12-12 03:08,2
敏感视频,黄色敏感,高级,2019-12-12 03:08,2
敏感视频,邪教信息,低级,2019-12-12 03:08,2
敏感视频,黄色敏感,中级,2019-12-12 03:08,2
敏感图片,国家领导,高级,2019-12-11 03:08,2
敏感文字,政治敏感,低级,2019-12-11 03:08,2
敏感视频,邪教信息,低级,2019-12-11 03:08,2
敏感视频,邪教信息,高级,2019-12-11 03:08,2
敏感视频,黄色敏感,高级,2019-12-11 03:08,2
敏感图片,黄色敏感,中级,2019-12-11 03:08,2
敏感视频,政治敏感,中级,2019-12-11 03:08,2
敏感图片,黄色敏感,高级,2019-12-11 03:08,2
敏感视频,黄色敏感,中级,2019-12-11 03:08,2
敏感文字,暴力敏感,中级,2019-12-11 03:08,2
敏感视频,黄色敏感,高级,2019-12-10 03:08,2
敏感图片,政治敏感,高级,2019-12-10 03:08,2
敏感图片,国家领导,高级,2019-12-10 03:08,2
敏感视频,政治敏感,低级,2019-12-10 03:08,1
敏感文字,政治敏感,低级,2019-12-10 03:08,2
敏感视频,邪教信息,高级,2019-12-10 03:08,2
敏感视频,黄色敏感,高级,2019-12-10 03:08,2
敏感视频,黄色敏感,中级,2019-12-10 03:08,2
敏感图片,黄色敏感,中级,2019-12-10 03:08,2
敏感视频,政治敏感,中级,2019-12-09 03:08,2
敏感图片,黄色敏感,高级,2019-12-09 03:08,2
敏感视频,邪教信息,中级,2019-12-09 03:08,2
敏感文字,暴力敏感,中级,2019-12-09 03:08,2
敏感视频,政治敏感,低级,2019-12-09 03:08,2
敏感视频,邪教信息,低级,2019-12-09 03:08,2
敏感视频,邪教信息,低级,2019-12-09 03:08,2
敏感视频,黄色敏感,高级,2019-12-09 03:08,2
敏感视频,黄色敏感,中级,2019-12-09 03:08,2
敏感视频,黄色敏感,高级,2019-12-08 03:08,2
敏感图片,国家领导,高级,2019-12-08 03:08,2
敏感文字,政治敏感,低级,2019-12-08 03:08,2
敏感视频,黄色敏感,高级,2019-12-08 03:08,2
敏感图片,黄色敏感,中级,2019-12-08 03:08,2
敏感视频,政治敏感,中级,2019-12-08 03:08,2
敏感视频,邪教信息,高级,2019-12-08 03:08,2
敏感图片,黄色敏感,高级,2019-12-08 03:08,2
敏感文字,暴力敏感,中级,2019-12-08 03:08,2
敏感视频,黄色敏感,高级,2019-12-08 03:08,2
敏感视频,黄色敏感,高级,2019-12-07 03:08,2
敏感图片,政治敏感,高级,2019-12-07 03:08,2
敏感视频,黄色敏感,高级,2019-12-07 03:08,2
敏感视频,邪教信息,中级,2019-12-07 03:08,2
敏感视频,黄色敏感,中级,2019-12-07 03:08,2
敏感视频,黄色敏感,高级,2019-12-07 03:08,2
敏感图片,国家领导,高级,2019-12-07 03:08,2
敏感文字,政治敏感,低级,2019-12-07 03:08,2
敏感视频,黄色敏感,高级,2019-12-07 03:08,2
敏感视频,邪教信息,高级,2019-12-07 03:08,2
敏感图片,黄色敏感,中级,2019-12-06 03:08,2
敏感视频,政治敏感,中级,2019-12-06 03:08,2
敏感图片,黄色敏感,高级,2019-12-06 03:08,2
敏感文字,暴力敏感,中级,2019-12-06 03:08,2
敏感视频,黄色敏感,高级,2019-12-06 03:08,2
敏感视频,邪教信息,高级,2019-12-06 03:08,2
敏感视频,邪教信息,低级,2019-12-06 03:08,2
敏感图片,政治敏感,高级,2019-12-06 03:08,2
敏感图片,国家领导,高级,2019-12-06 03:08,2
敏感文字,政治敏感,低级,2019-12-06 03:08,2
敏感视频,邪教信息,中级,2019-12-06 03:08,2
敏感视频,黄色敏感,高级,2019-12-05 03:08,2
敏感图片,黄色敏感,中级,2019-12-05 03:08,2
敏感视频,政治敏感,中级,2019-12-05 03:08,2
敏感图片,黄色敏感,高级,2019-12-05 03:08,2
敏感文字,暴力敏感,中级,2019-12-05 03:08,2
敏感视频,黄色敏感,高级,2019-12-05 03:08,2
敏感视频,邪教信息,高级,2019-12-05 03:08,2
敏感图片,政治敏感,高级,2019-12-05 03:08,2
敏感视频,黄色敏感,高级,2019-12-05 03:08,2
敏感图片,国家领导,高级,2019-12-05 03:08,2
敏感文字,政治敏感,低级,2019-12-05 03:08,2
敏感视频,黄色敏感,中级,2019-12-05 03:08,2
敏感视频,黄色敏感,高级,2019-12-05 03:08,2
敏感图片,黄色敏感,中级,2019-12-05 03:08,2
敏感视频,政治敏感,中级,2019-12-05 03:08,2
敏感图片,黄色敏感,高级,2019-12-04 03:08,2
敏感文字,暴力敏感,中级,2019-12-04 03:08,2
敏感视频,政治敏感,低级,2019-12-04 03:08,1
敏感视频,黄色敏感,高级,2019-12-04 03:08,2
敏感视频,邪教信息,中级,2019-12-04 03:08,2
敏感图片,政治敏感,高级,2019-12-04 03:08,2
敏感视频,黄色敏感,高级,2019-12-04 03:08,2
敏感视频,黄色敏感,高级,2019-12-04 03:08,2
敏感图片,国家领导,高级,2019-12-04 03:08,2
敏感视频,邪教信息,低级,2019-12-04 03:08,2
敏感文字,政治敏感,低级,2019-12-04 03:08,2
敏感视频,黄色敏感,高级,2019-12-03 03:08,2
敏感图片,黄色敏感,中级,2019-12-03 03:08,2
敏感视频,政治敏感,中级,2019-12-03 03:08,2
敏感图片,黄色敏感,高级,2019-12-03 03:08,2
敏感文字,暴力敏感,中级,2019-12-03 03:08,2
敏感视频,黄色敏感,高级,2019-12-03 03:08,2
敏感图片,政治敏感,高级,2019-12-03 03:08,2
敏感图片,国家领导,高级,2019-12-03 03:08,2
敏感文字,政治敏感,低级,2019-12-03 03:08,2
敏感视频,黄色敏感,高级,2019-12-02 03:08,2
敏感图片,黄色敏感,中级,2019-12-02 03:08,2
敏感视频,政治敏感,低级,2019-12-02 03:08,1
敏感视频,政治敏感,中级,2019-12-02 03:08,2
敏感图片,黄色敏感,高级,2019-12-02 03:08,2
敏感文字,暴力敏感,中级,2019-12-02 03:08,2
敏感视频,黄色敏感,高级,2019-12-02 03:08,2
敏感视频,邪教信息,中级,2019-12-02 03:08,2
敏感图片,政治敏感,高级,2019-12-02 03:08,2
敏感视频,黄色敏感,高级,2019-12-01 03:08,2
敏感视频,邪教信息,高级,2019-12-01 03:08,2
敏感图片,黄色敏感,中级,2019-12-01 03:08,2
敏感视频,政治敏感,中级,2019-12-01 03:08,2
敏感图片,黄色敏感,高级,2019-12-01 03:08,2
敏感视频,邪教信息,低级,2019-11-01 03:08,2
敏感文字,暴力敏感,中级,2019-12-01 03:08,2
敏感视频,黄色敏感,高级,2019-12-01 03:08,2
敏感图片,政治敏感,高级,2019-12-01 03:08,2
敏感图片,国家领导,高级,2019-12-01 03:08,2
敏感文字,政治敏感,低级,2019-12-01 03:08,2
敏感视频,黄色敏感,高级,2019-12-01 03:08,2
敏感图片,黄色敏感,中级,2019-12-01 03:08,2
敏感视频,政治敏感,中级,2019-12-01 03:08,2
敏感图片,黄色敏感,高级,2019-11-31 03:08,2
敏感文字,暴力敏感,中级,2019-11-31 03:08,2
敏感视频,政治敏感,低级,2019-11-31 03:08,1
敏感视频,黄色敏感,高级,2019-11-31 03:08,2
敏感视频,邪教信息,低级,2019-11-31 03:08,2
敏感图片,政治敏感,高级,2019-11-31 03:08,2
敏感视频,邪教信息,高级,2019-11-31 03:08,2
敏感视频,黄色敏感,高级,2019-11-31 03:08,2
敏感图片,国家领导,高级,2019-11-31 03:08,2
敏感文字,政治敏感,低级,2019-11-31 03:08,2
敏感视频,黄色敏感,高级,2019-11-31 03:08,2
敏感图片,黄色敏感,中级,2019-11-31 03:08,2
敏感视频,政治敏感,中级,2019-11-30 03:08,2
敏感图片,黄色敏感,高级,2019-11-30 03:08,2
敏感文字,暴力敏感,中级,2019-11-30 03:08,2
敏感视频,黄色敏感,高级,2019-11-30 03:08,2
敏感视频,邪教信息,中级,2019-11-30 03:08,2
敏感图片,政治敏感,高级,2019-11-30 03:08,2
敏感视频,黄色敏感,高级,2019-11-30 03:08,2
敏感视频,黄色敏感,高级,2019-11-30 03:08,2
敏感图片,国家领导,高级,2019-11-30 03:08,2
敏感视频,邪教信息,低级,2019-11-30 03:08,2
敏感视频,邪教信息,高级,2019-11-30 03:08,2
敏感文字,政治敏感,低级,2019-11-30 03:08,2
敏感视频,黄色敏感,高级,2019-11-29 03:08,2
敏感图片,黄色敏感,中级,2019-11-29 03:08,2
敏感视频,政治敏感,中级,2019-11-29 03:08,2
敏感图片,黄色敏感,高级,2019-11-29 03:08,2
敏感文字,暴力敏感,中级,2019-11-29 03:08,2
敏感视频,邪教信息,中级,2019-11-29 03:08,2
敏感视频,黄色敏感,高级,2019-11-29 03:08,2
敏感视频,政治敏感,低级,2019-11-29 03:08,1
敏感图片,政治敏感,高级,2019-11-29 03:08,2
敏感图片,国家领导,高级,2019-11-29 03:08,2
敏感文字,政治敏感,低级,2019-11-29 03:08,2
敏感视频,黄色敏感,高级,2019-11-29 03:08,2
敏感视频,邪教信息,高级,2019-11-29 03:08,2
敏感图片,黄色敏感,中级,2019-11-29 03:08,2
敏感视频,政治敏感,中级,2019-11-29 03:08,2
敏感图片,黄色敏感,高级,2019-11-29 03:08,2
敏感文字,暴力敏感,中级,2019-11-28 03:08,2
敏感视频,黄色敏感,高级,2019-11-28 03:08,2
敏感视频,黄色敏感,中级,2019-11-28 03:08,2
敏感视频,政治敏感,中级,2019-11-28 03:08,2
敏感图片,黄色敏感,高级,2019-11-28 03:08,2
敏感视频,邪教信息,低级,2019-11-26 03:08,2
敏感文字,暴力敏感,中级,2019-11-28 03:08,2
敏感视频,黄色敏感,高级,2019-11-28 03:08,2
敏感视频,邪教信息,中级,2019-11-28 03:08,2
敏感图片,政治敏感,高级,2019-11-28 03:08,2
敏感视频,黄色敏感,高级,2019-11-28 03:08,2
敏感视频,黄色敏感,高级,2019-11-28 03:08,2
敏感图片,国家领导,高级,2019-11-28 03:08,2
敏感文字,政治敏感,低级,2019-11-28 03:08,2
敏感视频,邪教信息,高级,2019-11-28 03:08,2
敏感视频,黄色敏感,高级,2019-11-27 03:08,2
敏感视频,邪教信息,低级,2019-11-27 03:08,2
敏感图片,黄色敏感,中级,2019-11-27 03:08,2
敏感视频,政治敏感,中级,2019-11-27 03:08,2
敏感图片,黄色敏感,高级,2019-11-27 03:08,2
敏感视频,邪教信息,高级,2019-11-27 03:08,2
敏感文字,暴力敏感,中级,2019-11-27 03:08,2
敏感视频,黄色敏感,高级,2019-11-27 03:08,2
敏感图片,政治敏感,高级,2019-11-27 03:08,2
敏感视频,邪教信息,中级,2019-11-27 03:08,2
敏感图片,国家领导,高级,2019-11-27 03:08,2
敏感文字,政治敏感,低级,2019-11-27 03:08,2
敏感视频,黄色敏感,高级,2019-11-26 03:08,2
敏感图片,黄色敏感,中级,2019-11-26 03:08,2
敏感视频,黄色敏感,中级,2019-11-26 03:08,2
敏感视频,邪教信息,高级,2019-11-26 03:08,2
敏感视频,邪教信息,低级,2019-11-26 03:08,2
敏感视频,政治敏感,中级,2019-11-26 03:08,2
敏感视频,邪教信息,中级,2019-11-26 03:08,2
敏感图片,黄色敏感,高级,2019-11-26 03:08,2
敏感文字,暴力敏感,中级,2019-11-26 03:08,2
敏感视频,黄色敏感,高级,2019-11-26 03:08,2